filename,width,height,class,xmin,ymin,xmax,ymax
IMG_20180616_194450.jpg,1198,899,Oreo-563424384,230,84,421,347
IMG_20180616_194450.jpg,1198,899,Oreo-563424384,408,82,564,351
IMG_20180616_194450.jpg,1198,899,Oreo-563424384,566,81,717,351
IMG_20180616_194450.jpg,1198,899,Chips Ahoys-565717529,732,82,873,343
IMG_20180616_194450.jpg,1198,899,Chips Ahoys-565717529,890,86,1066,348
IMG_20180616_194450.jpg,1198,899,Honey Comb- 009288857,363,661,535,869
IMG_20180616_194450.jpg,1198,899,Honey Comb- 009288857,535,667,698,875
IMG_20180616_194541.jpg,1198,899,Honey Comb- 009288857,24,47,206,325
IMG_20180616_194541.jpg,1198,899,Oreo-563424384,203,51,371,337
IMG_20180616_194541.jpg,1198,899,Chips Ahoys-565717529,359,62,525,335
IMG_20180616_194541.jpg,1198,899,Chips Ahoys-565717529,523,75,686,343
IMG_20180616_194541.jpg,1198,899,Honey Comb- 009288857,17,648,209,869
IMG_20180616_194541.jpg,1198,899,Honey Comb- 009288857,188,654,377,874
IMG_20180616_194550.jpg,899,899,Oreo-563424384,8,31,194,310
IMG_20180616_194550.jpg,899,899,Oreo-563424384,194,36,363,323
IMG_20180616_194550.jpg,899,899,Oreo-563424384,362,37,516,313
IMG_20180616_194550.jpg,899,899,Chips Ahoys-565717529,516,50,685,316
IMG_20180616_194550.jpg,899,899,Chips Ahoys-565717529,682,50,854,317
IMG_20180616_194550.jpg,899,899,Honey Comb- 009288857,141,643,324,859
IMG_20180616_194550.jpg,899,899,Honey Comb- 009288857,315,641,491,858
IMG_20180616_194551.jpg,899,899,Oreo-563424384,13,38,206,317
IMG_20180616_194551.jpg,899,899,Oreo-563424384,192,43,368,313
IMG_20180616_194551.jpg,899,899,Oreo-563424384,366,48,529,324
IMG_20180616_194551.jpg,899,899,Chips Ahoys-565717529,533,57,688,321
IMG_20180616_194551.jpg,899,899,Chips Ahoys-565717529,689,62,856,331
IMG_20180616_194551.jpg,899,899,Honey Comb- 009288857,153,651,332,872
IMG_20180616_194551.jpg,899,899,Honey Comb- 009288857,318,651,497,863
IMG_20180616_194605.jpg,899,899,Oreo-563424384,166,53,341,324
IMG_20180616_194620.jpg,899,899,Oreo-563424384,623,68,814,347
IMG_20180616_194644.jpg,899,899,Oreo-563424384,370,66,539,343
IMG_20180616_194754.jpg,899,899,Oreo-563424384,210,358,385,610
IMG_20180616_194804.jpg,899,899,Oreo-563424384,372,76,537,343
IMG_20180616_194818.jpg,899,899,Oreo-563424384,457,79,625,338
IMG_20180616_194835.jpg,899,899,Oreo-563424384,403,663,559,899
IMG_20180616_194848.jpg,899,899,Oreo-563424384,327,684,471,868
IMG_20180616_194859.jpg,899,899,Oreo-563424384,443,372,598,610
IMG_20180616_194915.jpg,899,899,Oreo-563424384,11,344,331,544
IMG_20180616_194928.jpg,899,899,Oreo-563424384,318,276,527,415
IMG_20180616_194944.jpg,899,899,Oreo-563424384,337,293,461,495
IMG_20180616_194944.jpg,899,899,Oreo-563424384,756,47,896,285
IMG_20180616_194944.jpg,899,899,Oreo-563424384,616,51,735,266
IMG_20180616_194944.jpg,899,899,Honey Comb- 009288857,625,541,771,748
IMG_20180616_194944.jpg,899,899,Honey Comb- 009288857,775,554,899,767
IMG_20180616_194958.jpg,899,899,Oreo-563424384,379,535,632,706
IMG_20180616_195008.jpg,899,899,Oreo-563424384,55,166,360,374
IMG_20180616_195054.jpg,899,899,Chips Ahoys-565717529,436,152,602,407
IMG_20180616_195054.jpg,899,899,Oreo-563424384,593,472,738,708
IMG_20180616_195054.jpg,899,899,Honey Comb- 009288857,108,113,319,398
IMG_20180616_195111.jpg,899,899,Chips Ahoys-565717529,279,33,434,276
IMG_20180616_195111.jpg,899,899,Oreo-563424384,447,45,603,294
IMG_20180616_195111.jpg,899,899,Honey Comb- 009288857,286,327,470,579
IMG_20180616_195124.jpg,899,899,Oreo-563424384,324,13,490,284
IMG_20180616_195124.jpg,899,899,Chips Ahoys-565717529,500,29,665,287
IMG_20180616_195124.jpg,899,899,Honey Comb- 009288857,277,339,482,616
IMG_20180616_195132.jpg,899,899,Oreo-563424384,181,4,362,286
IMG_20180616_195132.jpg,899,899,Chips Ahoys-565717529,368,19,526,279
IMG_20180616_195132.jpg,899,899,Honey Comb- 009288857,631,332,834,601
IMG_20180616_195142.jpg,899,899,Chips Ahoys-565717529,319,64,454,272
IMG_20180616_195142.jpg,899,899,Oreo-563424384,33,324,166,513
IMG_20180616_195142.jpg,899,899,Honey Comb- 009288857,670,309,831,508
IMG_20180616_195203.jpg,899,899,Honey Comb- 009288857,19,242,229,396
IMG_20180616_195203.jpg,899,899,Oreo-563424384,266,685,454,817
IMG_20180616_195203.jpg,899,899,Chips Ahoys-565717529,715,70,888,185
IMG_20180616_195237.jpg,899,899,Oreo-563424384,96,276,225,472
IMG_20180616_195237.jpg,899,899,Chips Ahoys-565717529,357,279,476,482
IMG_20180616_195237.jpg,899,899,Honey Comb- 009288857,532,25,690,244
IMG_20180616_195257.jpg,899,899,Oreo-563424384,189,401,325,600
IMG_20180616_195257.jpg,899,899,Honey Comb- 009288857,331,387,492,612
IMG_20180616_195257.jpg,899,899,Chips Ahoys-565717529,512,419,658,620
IMG_20180616_195312.jpg,899,899,Honey Comb- 009288857,557,186,714,425
IMG_20180616_195312.jpg,899,899,Chips Ahoys-565717529,574,432,709,623
IMG_20180616_195312.jpg,899,899,Oreo-563424384,227,194,388,407
IMG_20180616_195323.jpg,899,899,Honey Comb- 009288857,284,10,457,272
IMG_20180616_195323.jpg,899,899,Oreo-563424384,319,400,451,601
IMG_20180616_195323.jpg,899,899,Chips Ahoys-565717529,610,601,743,785
IMG_20180616_195333.jpg,899,899,Honey Comb- 009288857,41,195,192,385
IMG_20180616_195333.jpg,899,899,Oreo-563424384,547,485,659,638
IMG_20180616_195333.jpg,899,899,Chips Ahoys-565717529,787,645,895,787
IMG_20180616_195347.jpg,899,899,Honey Comb- 009288857,99,367,342,626
IMG_20180616_195347.jpg,899,899,Chips Ahoys-565717529,560,645,730,857
IMG_20180616_195357.jpg,899,899,Honey Comb- 009288857,160,455,359,693
IMG_20180616_195357.jpg,899,899,Chips Ahoys-565717529,374,459,504,660
IMG_20180616_195421.jpg,899,899,Honey Comb- 009288857,1,514,203,665
IMG_20180616_195421.jpg,899,899,Chips Ahoys-565717529,256,300,440,414
IMG_20180616_195422.jpg,899,899,Honey Comb- 009288857,3,510,202,665
IMG_20180616_195422.jpg,899,899,Chips Ahoys-565717529,258,301,449,425
IMG_20180616_195455.jpg,899,899,Honey Comb- 009288857,47,540,249,679
IMG_20180616_195455.jpg,899,899,Oreo-563424384,298,298,467,420
IMG_20180616_195455.jpg,899,899,Chips Ahoys-565717529,297,417,470,527
IMG_20180616_195514.jpg,899,899,Chips Ahoys-565717529,547,469,754,583
IMG_20180616_195514.jpg,899,899,Oreo-563424384,553,582,747,687
IMG_20180616_195514.jpg,899,899,Honey Comb- 009288857,23,214,241,379
IMG_20180616_195530.jpg,899,899,Honey Comb- 009288857,711,56,837,251
IMG_20180616_195530.jpg,899,899,Chips Ahoys-565717529,41,546,163,688
IMG_20180616_195530.jpg,899,899,Oreo-563424384,411,528,513,693
IMG_20180616_195554.jpg,899,899,Oreo-563424384,532,410,652,587
IMG_20180616_195554.jpg,899,899,Chips Ahoys-565717529,119,675,245,858
IMG_20180616_195554.jpg,899,899,Honey Comb- 009288857,373,133,520,349
IMG_20180616_195615.jpg,899,899,Honey Comb- 009288857,32,163,252,325
IMG_20180616_195615.jpg,899,899,Oreo-563424384,44,593,242,704
IMG_20180616_195615.jpg,899,899,Chips Ahoys-565717529,269,629,482,745
IMG_20180616_195615_01.jpg,899,899,Oreo-563424384,42,586,239,706
IMG_20180616_195615_01.jpg,899,899,Chips Ahoys-565717529,303,626,482,750
IMG_20180616_195615_01.jpg,899,899,Honey Comb- 009288857,28,165,259,309
IMG_20180616_195624.jpg,899,899,Honey Comb- 009288857,51,62,266,220
IMG_20180616_195624.jpg,899,899,Oreo-563424384,63,491,262,613
IMG_20180616_195624.jpg,899,899,Chips Ahoys-565717529,51,722,262,844
IMG_20180616_195639.jpg,899,899,Honey Comb- 009288857,50,256,271,419
IMG_20180616_195639.jpg,899,899,Oreo-563424384,41,715,281,866
IMG_20180616_195639.jpg,899,899,Chips Ahoys-565717529,325,57,524,194
IMG_20180616_195711.jpg,899,899,Honey Comb- 009288857,35,227,266,383
IMG_20180616_195711.jpg,899,899,Oreo-563424384,47,395,246,510
IMG_20180616_195711.jpg,899,899,Chips Ahoys-565717529,284,144,458,254
IMG_20180616_195717.jpg,899,899,Honey Comb- 009288857,197,79,385,332
IMG_20180616_195717.jpg,899,899,Oreo-563424384,25,100,194,334
IMG_20180616_195717.jpg,899,899,Honey Comb- 009288857,707,622,844,809
IMG_20180616_195717.jpg,899,899,Oreo-563424384,677,116,797,341
IMG_20180616_195717.jpg,899,899,Oreo-563424384,808,120,899,348
IMG_20180616_195717.jpg,899,899,Chips Ahoys-565717529,382,392,510,584
IMG_20180616_195717.jpg,899,899,Honey Comb- 009288857,839,626,899,735
IMG_20180616_195727.jpg,899,899,Honey Comb- 009288857,66,7,241,246
IMG_20180616_195727.jpg,899,899,Oreo-563424384,103,302,249,511
IMG_20180616_195727.jpg,899,899,Chips Ahoys-565717529,438,570,566,769
IMG_20180616_195727.jpg,899,899,Oreo-563424384,728,309,847,516
IMG_20180616_195729.jpg,899,899,Oreo-563424384,1,306,99,507
IMG_20180616_195729.jpg,899,899,Oreo-563424384,588,304,697,510
IMG_20180616_195729.jpg,899,899,Oreo-563424384,710,312,835,518
IMG_20180616_195729.jpg,899,899,Oreo-563424384,852,311,899,522
IMG_20180616_195729.jpg,899,899,Chips Ahoys-565717529,288,566,420,766
IMG_20180616_195729.jpg,899,899,Honey Comb- 009288857,635,800,773,899
IMG_20180616_195729.jpg,899,899,Honey Comb- 009288857,769,794,854,892
IMG_20180616_195729.jpg,899,899,Honey Comb- 009288857,1,31,85,233
IMG_20180616_195730.jpg,899,899,Oreo-563424384,82,294,222,522
IMG_20180616_195730.jpg,899,899,Honey Comb- 009288857,36,10,218,235
IMG_20180616_195730.jpg,899,899,Oreo-563424384,709,316,825,519
IMG_20180616_195730.jpg,899,899,Oreo-563424384,835,292,899,525
IMG_20180616_195730.jpg,899,899,Chips Ahoys-565717529,413,572,534,772
IMG_20180616_195737.jpg,899,899,Oreo-563424384,339,656,579,801
IMG_20180616_195737.jpg,899,899,Honey Comb- 009288857,6,675,285,854
IMG_20180616_195737.jpg,899,899,Chips Ahoys-565717529,627,276,886,432
IMG_20180616_195737.jpg,899,899,Oreo-563424384,303,1,569,85
IMG_20180616_195744.jpg,899,899,Oreo-563424384,307,603,525,729
IMG_20180616_195744.jpg,899,899,Chips Ahoys-565717529,647,253,862,413
IMG_20180616_195744.jpg,899,899,Honey Comb- 009288857,1,642,254,764
IMG_20180616_195752.jpg,899,899,Honey Comb- 009288857,50,484,293,638
IMG_20180616_195752.jpg,899,899,Oreo-563424384,348,472,579,609
IMG_20180616_195752.jpg,899,899,Oreo-563424384,350,96,506,168
IMG_20180616_195752.jpg,899,899,Oreo-563424384,357,40,494,92
IMG_20180616_195752.jpg,899,899,Chips Ahoys-565717529,559,273,755,359
IMG_20180616_195752.jpg,899,899,Honey Comb- 009288857,699,98,863,172
IMG_20180616_195811.jpg,899,899,Oreo-563424384,150,346,291,564
IMG_20180616_195811.jpg,899,899,Honey Comb- 009288857,84,39,265,285
IMG_20180616_195811.jpg,899,899,Chips Ahoys-565717529,329,344,462,570
IMG_20180616_195811.jpg,899,899,Oreo-563424384,803,340,894,572
IMG_20180616_195815.jpg,899,899,Honey Comb- 009288857,111,126,260,319
IMG_20180616_195815.jpg,899,899,Oreo-563424384,155,363,285,563
IMG_20180616_195815.jpg,899,899,Chips Ahoys-565717529,282,372,415,581
IMG_20180616_195815.jpg,899,899,Oreo-563424384,713,359,871,596
IMG_20180616_195820.jpg,899,899,Oreo-563424384,386,359,535,588
IMG_20180616_195820.jpg,899,899,Chips Ahoys-565717529,540,363,645,565
IMG_20180616_195820.jpg,899,899,Oreo-563424384,788,355,851,504
IMG_20180616_195820.jpg,899,899,Oreo-563424384,846,353,899,494
IMG_20180616_195820.jpg,899,899,Honey Comb- 009288857,788,715,850,871
IMG_20180616_195820.jpg,899,899,Honey Comb- 009288857,339,5,525,296
IMG_20180616_195836.jpg,899,899,Chips Ahoys-565717529,64,63,209,275
IMG_20180616_195836.jpg,899,899,Honey Comb- 009288857,212,60,367,279
IMG_20180616_195836.jpg,899,899,Oreo-563424384,194,332,326,524
IMG_20180616_195836.jpg,899,899,Oreo-563424384,752,356,854,533
IMG_20180616_195841.jpg,899,899,Chips Ahoys-565717529,175,91,313,285
IMG_20180616_195841.jpg,899,899,Honey Comb- 009288857,310,67,466,277
IMG_20180616_195841.jpg,899,899,Honey Comb- 009288857,307,340,432,532
IMG_20180616_195844.jpg,899,899,Chips Ahoys-565717529,117,129,299,416
IMG_20180616_195844.jpg,899,899,Honey Comb- 009288857,329,115,541,421
IMG_20180616_195844.jpg,899,899,Oreo-563424384,309,497,485,783
IMG_20180616_195847.jpg,899,899,Chips Ahoys-565717529,142,140,240,290
IMG_20180616_195847.jpg,899,899,Oreo-563424384,247,328,333,461
IMG_20180616_195847.jpg,899,899,Honey Comb- 009288857,250,132,364,290
IMG_20180616_195847.jpg,899,899,Oreo-563424384,641,335,719,464
IMG_20180616_195847.jpg,899,899,Oreo-563424384,725,329,815,464
IMG_20180616_195847.jpg,899,899,Oreo-563424384,816,330,899,462
IMG_20180616_195920.jpg,899,899,Honey Comb- 009288857,1,494,219,637
IMG_20180616_195920.jpg,899,899,Oreo-563424384,263,471,457,586
IMG_20180616_195920.jpg,899,899,Chips Ahoys-565717529,506,339,688,451
IMG_20180616_195925.jpg,899,899,Honey Comb- 009288857,36,234,251,374
IMG_20180616_195925.jpg,899,899,Oreo-563424384,300,218,490,332
IMG_20180616_195925.jpg,899,899,Chips Ahoys-565717529,532,95,710,205
IMG_20180616_195925.jpg,899,899,Chips Ahoys-565717529,298,695,509,819
IMG_20180616_195925.jpg,899,899,Chips Ahoys-565717529,313,823,513,894
IMG_20180616_195928.jpg,899,899,Honey Comb- 009288857,86,677,278,814
IMG_20180616_195928.jpg,899,899,Oreo-563424384,329,654,498,764
IMG_20180616_195928.jpg,899,899,Chips Ahoys-565717529,541,533,712,636
IMG_20180616_195936.jpg,899,899,Honey Comb- 009288857,1,685,281,885
IMG_20180616_195936.jpg,899,899,Oreo-563424384,352,649,598,799
IMG_20180616_195936.jpg,899,899,Chips Ahoys-565717529,651,466,899,626
IMG_20180616_200005.jpg,899,899,Oreo-563424384,134,355,375,507
IMG_20180616_200005.jpg,899,899,Chips Ahoys-565717529,423,322,630,462
IMG_20180616_200005.jpg,899,899,Honey Comb- 009288857,97,661,378,858
IMG_20180616_200009.jpg,899,899,Honey Comb- 009288857,16,133,191,344
IMG_20180616_200009.jpg,899,899,Oreo-563424384,297,162,422,350
IMG_20180616_200009.jpg,899,899,Chips Ahoys-565717529,341,400,450,568
IMG_20180616_200011.jpg,899,899,Honey Comb- 009288857,55,122,236,360
IMG_20180616_200011.jpg,899,899,Oreo-563424384,349,144,494,380
IMG_20180616_200011.jpg,899,899,Chips Ahoys-565717529,397,431,523,634
IMG_20180616_200014.jpg,899,899,Oreo-563424384,61,158,255,463
IMG_20180616_200014.jpg,899,899,Chips Ahoys-565717529,146,529,325,785
IMG_20180616_200017.jpg,899,899,Honey Comb- 009288857,4,397,300,824
IMG_20180616_200017.jpg,899,899,Oreo-563424384,555,434,813,841
IMG_20180616_200021.jpg,899,899,Honey Comb- 009288857,3,1,283,420
IMG_20180616_200021.jpg,899,899,Oreo-563424384,550,6,831,439
IMG_20180616_200021.jpg,899,899,Chips Ahoys-565717529,619,535,860,899
IMG_20180616_200041.jpg,899,899,Oreo-563424384,210,83,366,319
IMG_20180616_200041.jpg,899,899,Honey Comb- 009288857,310,365,494,618
IMG_20180616_200041.jpg,899,899,Chips Ahoys-565717529,528,390,674,616
IMG_20180616_200046.jpg,899,899,Oreo-563424384,12,390,288,546
IMG_20180616_200046.jpg,899,899,Honey Comb- 009288857,331,265,609,443
IMG_20180616_200046.jpg,899,899,Chips Ahoys-565717529,347,86,595,237
IMG_20180616_200107.jpg,899,899,Oreo-563424384,176,79,329,318
IMG_20180616_200107.jpg,899,899,Chips Ahoys-565717529,330,72,487,320
IMG_20180616_200107.jpg,899,899,Honey Comb- 009288857,417,369,586,608
IMG_20180616_200110.jpg,899,899,Chips Ahoys-565717529,8,301,208,422
IMG_20180616_200110.jpg,899,899,Oreo-563424384,13,425,209,541
IMG_20180616_200110.jpg,899,899,Honey Comb- 009288857,245,223,432,364
IMG_20180616_200114.jpg,899,899,Oreo-563424384,11,195,222,323
IMG_20180616_200114.jpg,899,899,Honey Comb- 009288857,257,4,467,145
IMG_20180616_200117.jpg,899,899,Oreo-563424384,10,127,187,387
IMG_20180616_200117.jpg,899,899,Chips Ahoys-565717529,180,108,365,386
IMG_20180616_200117.jpg,899,899,Honey Comb- 009288857,292,442,495,721
IMG_20180616_200145.jpg,899,899,Honey Comb- 009288857,4,353,248,523
IMG_20180616_200145.jpg,899,899,Oreo-563424384,310,378,521,509
IMG_20180616_200145.jpg,899,899,Chips Ahoys-565717529,301,513,525,639
IMG_20180616_200148.jpg,899,899,Chips Ahoys-565717529,160,344,314,577
IMG_20180616_200148.jpg,899,899,Oreo-563424384,313,345,459,575
IMG_20180616_200148.jpg,899,899,Honey Comb- 009288857,298,3,478,274
IMG_20180616_200151.jpg,899,899,Chips Ahoys-565717529,506,469,664,710
IMG_20180616_200151.jpg,899,899,Oreo-563424384,663,467,805,700
IMG_20180616_200151.jpg,899,899,Honey Comb- 009288857,641,141,819,397
IMG_20180616_200153.jpg,899,899,Chips Ahoys-565717529,529,306,679,545
IMG_20180616_200153.jpg,899,899,Oreo-563424384,678,307,819,548
IMG_20180616_200153.jpg,899,899,Honey Comb- 009288857,675,4,853,237
IMG_20180616_200157.jpg,899,899,Oreo-563424384,204,85,382,365
IMG_20180616_200157.jpg,899,899,Chips Ahoys-565717529,12,82,207,363
IMG_20180616_200159.jpg,899,899,Honey Comb- 009288857,243,259,445,541
IMG_20180616_200159.jpg,899,899,Chips Ahoys-565717529,87,624,262,893
IMG_20180616_200159.jpg,899,899,Oreo-563424384,266,616,432,891
IMG_20180616_200200.jpg,899,899,Honey Comb- 009288857,9,219,239,519
IMG_20180616_200200.jpg,899,899,Oreo-563424384,41,604,229,865
IMG_20180616_200203.jpg,899,899,Honey Comb- 009288857,96,94,428,335
IMG_20180616_200203.jpg,899,899,Oreo-563424384,509,138,818,316
IMG_20180616_200203.jpg,899,899,Chips Ahoys-565717529,510,320,824,518
IMG_20180616_200215.jpg,899,899,Honey Comb- 009288857,11,244,307,443
IMG_20180616_200215.jpg,899,899,Oreo-563424384,372,266,635,421
IMG_20180616_200215.jpg,899,899,Chips Ahoys-565717529,39,644,303,817
IMG_20180616_200219.jpg,899,899,Chips Ahoys-565717529,259,95,427,368
IMG_20180616_200219.jpg,899,899,Honey Comb- 009288857,648,66,851,364
IMG_20180616_200219.jpg,899,899,Oreo-563424384,650,444,823,717
IMG_20180616_200220.jpg,899,899,Chips Ahoys-565717529,510,160,689,439
IMG_20180616_200225.jpg,899,899,Chips Ahoys-565717529,625,521,888,701
IMG_20180616_200225_01.jpg,899,899,Chips Ahoys-565717529,607,514,876,698
IMG_20180616_200230.jpg,899,899,Honey Comb- 009288857,7,466,314,675
IMG_20180616_200230.jpg,899,899,Oreo-563424384,391,482,673,641
IMG_20180616_200233.jpg,899,899,Honey Comb- 009288857,127,31,372,374
IMG_20180616_200233.jpg,899,899,Oreo-563424384,167,460,363,750
IMG_20180616_200235.jpg,899,899,Honey Comb- 009288857,4,71,269,421
IMG_20180616_200235.jpg,899,899,Oreo-563424384,37,509,245,823
IMG_20180616_200237.jpg,899,899,Chips Ahoys-565717529,68,39,293,396
IMG_20180616_200237.jpg,899,899,Honey Comb- 009288857,561,19,812,400
IMG_20180616_200237.jpg,899,899,Oreo-563424384,579,494,779,830
IMG_20180616_200245.jpg,899,899,Oreo-563424384,381,138,554,410
IMG_20180616_200247.jpg,899,899,Chips Ahoys-565717529,29,166,235,466
IMG_20180616_200247.jpg,899,899,Honey Comb- 009288857,457,150,675,466
IMG_20180616_200254.jpg,899,899,Oreo-563424384,520,194,695,462
IMG_20180616_200300.jpg,899,899,Chips Ahoys-565717529,230,116,366,320
IMG_20180616_200300.jpg,899,899,Honey Comb- 009288857,508,109,654,322
IMG_20180616_200327.jpg,899,899,Oreo-563424384,496,364,636,588
IMG_20180616_200327.jpg,899,899,Honey Comb- 009288857,24,329,205,574
IMG_20180616_200330.jpg,899,899,Chips Ahoys-565717529,168,117,316,344
IMG_20180616_200330.jpg,899,899,Oreo-563424384,48,399,195,626
IMG_20180616_200332.jpg,899,899,Oreo-563424384,39,2,217,257
IMG_20180616_200334.jpg,899,899,Chips Ahoys-565717529,177,382,343,634
IMG_20180616_200334.jpg,899,899,Oreo-563424384,31,701,197,896
IMG_20180616_200336.jpg,899,899,Chips Ahoys-565717529,10,430,178,689
IMG_20180616_200338.jpg,899,899,Oreo-563424384,39,322,196,557
IMG_20180616_200338.jpg,899,899,Chips Ahoys-565717529,164,7,329,257
IMG_20180616_200340.jpg,899,899,Honey Comb- 009288857,96,349,289,616
IMG_20180616_200340.jpg,899,899,Oreo-563424384,603,375,765,628
IMG_20180616_200340.jpg,899,899,Chips Ahoys-565717529,766,41,896,310
IMG_20180627_104337.jpg,472,1000,Oreo Golden-568301011,229,260,341,429
IMG_20180627_104337.jpg,472,1000,Oreo Golden-568301011,336,260,438,430
IMG_20180627_104337.jpg,472,1000,Kix Crispy Corn-550051312,15,11,143,206
IMG_20180627_104337.jpg,472,1000,Kix Crispy Corn-550051312,145,1,276,208
IMG_20180627_104337.jpg,472,1000,Kix Berry -568919964,278,2,414,215
IMG_20180627_104337.jpg,472,1000,Oreo-563424384,29,256,135,421
IMG_20180627_104337.jpg,472,1000,Oreo-563424384,126,252,235,426
IMG_20180627_104337.jpg,472,1000,Chips Ahoys-565717529,16,471,116,622
IMG_20180627_104337.jpg,472,1000,Chips Ahoys-565717529,122,470,218,623
IMG_20180627_104337.jpg,472,1000,Nutter Butter-565717511,263,471,373,627
IMG_20180627_104337.jpg,472,1000,Nutter Butter-565717511,370,473,467,631
IMG_20180627_104337.jpg,472,1000,Nilla -568301014,235,666,325,806
IMG_20180627_104337.jpg,472,1000,Nilla -568301014,328,667,424,806
IMG_20180627_104337.jpg,472,1000,Honey Comb- 009288857,45,658,142,799
IMG_20180627_104337.jpg,472,1000,Honey Maid Graham -563424385,136,657,241,803
IMG_20180627_104337.jpg,472,1000,Cocoa Pebbles-555517893,35,815,136,945
IMG_20180627_104337.jpg,472,1000,Cocoa Pebbles-555517893,135,818,245,964
IMG_20180627_104337.jpg,472,1000,Dippin Dots Banana-568929376,247,830,355,971
IMG_20180627_104337.jpg,472,1000,Dippin Dots Banana-568929376,354,839,460,972
IMG_20180627_104605.jpg,472,1000,Dippin Dots Banana-568929376,214,566,299,689
IMG_20180627_104605.jpg,472,1000,Nutter Butter-565717511,71,554,157,698
IMG_20180627_104625.jpg,472,1000,Oreo Golden-568301011,162,639,251,774
IMG_20180627_104625.jpg,472,1000,Nutter Butter-565717511,309,640,387,775
IMG_20180627_104637.jpg,472,1000,Oreo Golden-568301011,210,788,305,915
IMG_20180627_104637.jpg,472,1000,Nutter Butter-565717511,170,624,254,754
IMG_20180627_104653.jpg,472,1000,Oreo Golden-568301011,167,557,258,694
IMG_20180627_104653.jpg,472,1000,Nutter Butter-565717511,47,163,158,336
IMG_20180627_104702.jpg,472,1000,Nutter Butter-565717511,50,209,162,386
IMG_20180627_104702.jpg,472,1000,Oreo Golden-568301011,309,624,418,767
IMG_20180627_104712.jpg,472,1000,Nutter Butter-565717511,51,450,147,600
IMG_20180627_104726.jpg,472,1000,Nutter Butter-565717511,262,609,337,726
IMG_20180627_104726.jpg,472,1000,Oreo Golden-568301011,392,596,470,729
IMG_20180627_104741.jpg,472,1000,Nutter Butter-565717511,210,410,306,553
IMG_20180627_105126.jpg,472,1000,Nutter Butter-565717511,44,491,139,626
IMG_20180627_105132.jpg,2118,1000,Nutter Butter-565717511,272,517,525,818
IMG_20180627_105137.jpg,472,1000,Nutter Butter-565717511,50,555,200,750
IMG_20180627_105155.jpg,2118,1000,Nutter Butter-565717511,572,388,880,857
IMG_20180627_105158.jpg,2118,1000,Oreo Golden-568301011,1461,577,1751,917
IMG_20180627_105200.jpg,2118,1000,Oreo Golden-568301011,938,378,1216,750
IMG_20180627_105203.jpg,2118,1000,Oreo Golden-568301011,968,342,1168,684
IMG_20180627_105205.jpg,2118,1000,Oreo Golden-568301011,781,556,1020,888
IMG_20180627_105222.jpg,472,1000,Oreo Golden-568301011,265,616,367,760
IMG_20180627_105224.jpg,2118,1000,Oreo Golden-568301011,1330,563,1598,876
IMG_20180627_105224.jpg,2118,1000,Honey Maid Graham -563424385,1826,565,2069,876
IMG_20180627_105226.jpg,2118,1000,Oreo Golden-568301011,730,489,1014,820
IMG_20180627_105226.jpg,2118,1000,Honey Maid Graham -563424385,1282,535,1520,850
IMG_20180627_105226.jpg,2118,1000,Honey Maid Graham -563424385,1567,527,1795,877
IMG_20180627_105226.jpg,2118,1000,Chips Ahoys-565717529,1519,1,1838,422
IMG_20180627_105226.jpg,2118,1000,Chips Ahoys-565717529,1187,1,1523,397
IMG_20180627_105226.jpg,2118,1000,Nilla -568301014,1829,521,2094,895
IMG_20180627_105235.jpg,472,1000,Oreo Golden-568301011,321,518,427,671
IMG_20180627_105238.jpg,472,1000,Oreo Golden-568301011,344,587,472,785
IMG_20180627_105253.jpg,472,1000,Oreo Golden-568301011,133,71,247,250
IMG_20180627_105300.jpg,2118,1000,Oreo Golden-568301011,560,68,955,696
IMG_20180627_105315.jpg,472,1000,Oreo Golden-568301011,69,83,207,290
IMG_20180627_105340.jpg,472,1000,Oreo-563424384,1,180,112,370
IMG_20180627_105340.jpg,472,1000,Oreo-563424384,100,184,215,375
IMG_20180627_105340.jpg,472,1000,Oreo-563424384,216,204,313,376
IMG_20180627_105340.jpg,472,1000,Oreo Golden-568301011,313,201,418,371
IMG_20180627_105340.jpg,472,1000,Chips Ahoys-565717529,3,421,79,579
IMG_20180627_105340.jpg,472,1000,Chips Ahoys-565717529,64,415,173,574
IMG_20180627_105340.jpg,472,1000,Nilla -568301014,216,609,305,739
IMG_20180627_105340.jpg,472,1000,Nilla -568301014,305,613,398,741
IMG_20180627_105340.jpg,472,1000,Honey Maid Graham -563424385,22,619,117,752
IMG_20180627_105340.jpg,472,1000,Honey Maid Graham -563424385,122,622,214,743
IMG_20180627_105340.jpg,472,1000,Oreo Golden-568301011,15,791,124,915
IMG_20180627_105340.jpg,472,1000,Cocoa Pebbles-555517893,123,772,228,898
IMG_20180627_105340.jpg,472,1000,Dippin Dots Banana-568929376,227,772,328,885
IMG_20180627_105340.jpg,472,1000,Dippin Dots Banana-568929376,332,760,419,879
IMG_20180627_105340.jpg,472,1000,Cocoa Puffs Ice Cream-563408546,402,600,472,716
IMG_20180627_105340.jpg,472,1000,Nutter Butter-565717511,350,415,439,563
IMG_20180627_105353.jpg,2118,1000,Oreo Golden-568301011,288,232,661,763
IMG_20180627_105353.jpg,2118,1000,Oreo Golden-568301011,48,235,301,706
IMG_20180627_105353.jpg,2118,1000,Oreo Golden-568301011,1227,271,1554,794
IMG_20180627_105359.jpg,472,1000,Oreo Golden-568301011,81,296,177,433
IMG_20180627_105359.jpg,472,1000,Oreo Golden-568301011,325,301,407,436
IMG_20180627_105359.jpg,472,1000,Oreo Golden-568301011,21,299,90,425
IMG_20180627_105359.jpg,472,1000,Kix Berry -568919964,22,89,145,252
IMG_20180627_105359.jpg,472,1000,Nilla -568301014,25,636,110,747
IMG_20180627_105359.jpg,472,1000,Nilla -568301014,102,641,186,751
IMG_20180627_105359.jpg,472,1000,Dippin Dots Banana-568929376,44,788,147,897
IMG_20180627_105359.jpg,472,1000,Dippin Dots Banana-568929376,134,784,233,900
IMG_20180627_105359.jpg,472,1000,Dippin Dots Cookies & Cream -568929378,233,783,328,889
IMG_20180627_105359.jpg,472,1000,Dippin Dots Cookies & Cream -568929378,327,785,424,894
IMG_20180627_105359.jpg,472,1000,Cocoa Pebbles-555517893,190,635,253,749
IMG_20180627_105359.jpg,472,1000,Cocoa Pebbles-555517893,351,636,428,759
IMG_20180627_105359.jpg,472,1000,Mini Wheats Straw-567084832,259,104,348,253
IMG_20180627_105359.jpg,472,1000,Nutter Butter-565717511,133,472,215,600
IMG_20180627_105359.jpg,472,1000,Kix Honey -009258981,141,88,260,261
IMG_20180627_105416.jpg,472,1000,Oreo Golden-568301011,26,314,118,452
IMG_20180627_105416.jpg,472,1000,Cocoa Puffs Ice Cream-563408546,58,663,148,796
IMG_20180627_105419.jpg,472,1000,Oreo Golden-568301011,1,178,117,402
IMG_20180627_105422.jpg,2118,1000,Oreo Golden-568301011,586,180,873,611
IMG_20180627_105424.jpg,2118,1000,Cocoa Puffs Ice Cream-563408546,601,328,834,657
IMG_20180627_105424.jpg,2118,1000,Cocoa Puffs Ice Cream-563408546,119,330,301,676
IMG_20180627_105440.jpg,472,1000,Oreo Golden-568301011,218,288,310,436
IMG_20180627_105440.jpg,472,1000,Kix Honey -009258981,1,52,129,239
IMG_20180627_105440.jpg,472,1000,Dippin Dots Cookies & Cream -568929378,117,826,221,951
IMG_20180627_105440.jpg,472,1000,Dippin Dots Cookies & Cream -568929378,215,827,322,950
IMG_20180627_105440.jpg,472,1000,Dippin Dots Banana-568929376,3,836,126,968
IMG_20180627_105440.jpg,472,1000,Cocoa Puffs Ice Cream-563408546,63,671,143,800
IMG_20180627_105440.jpg,472,1000,Cocoa Puffs Ice Cream-563408546,246,670,327,792
IMG_20180627_105440.jpg,472,1000,Nutter Butter-565717511,1,494,90,639
IMG_20180627_105459.jpg,472,1000,Oreo Golden-568301011,123,104,251,310
IMG_20180627_105459.jpg,472,1000,Kix Honey -009258981,1,102,129,310
IMG_20180627_105459.jpg,472,1000,Nutter Butter-565717511,1,626,88,782
IMG_20180627_105459.jpg,472,1000,Cocoa Puffs Ice Cream-563408546,56,828,169,965
IMG_20180627_105459.jpg,472,1000,Cocoa Puffs Ice Cream-563408546,287,818,380,951
IMG_20180627_105502.jpg,2118,1000,Kix Crispy Corn-550051312,184,1,522,469
IMG_20180627_105502.jpg,2118,1000,Kix Berry -568919964,577,33,879,482
IMG_20180627_105502.jpg,2118,1000,Kix Honey -009258981,891,55,1181,492
IMG_20180627_105502.jpg,2118,1000,Oreo Golden-568301011,1202,120,1435,506
IMG_20180627_105502.jpg,2118,1000,Oreo Golden-568301011,447,588,690,1000
IMG_20180627_105502.jpg,2118,1000,Oreo Golden-568301011,718,609,940,988
IMG_20180627_105502.jpg,2118,1000,Oreo-563424384,130,584,407,992
IMG_20180627_105502.jpg,2118,1000,Mini Wheats Straw-567084832,1053,635,1287,981
IMG_20180627_105506.jpg,2118,1000,Oreo Golden-568301011,114,38,414,455
IMG_20180627_105506.jpg,2118,1000,Mini Wheats Straw-567084832,9,591,295,978
IMG_20180627_105519.jpg,472,1000,Oreo Golden-568301011,200,263,288,413
IMG_20180627_105522.jpg,472,1000,Oreo Golden-568301011,291,281,380,400
IMG_20180627_105525.jpg,472,1000,Oreo Golden-568301011,136,287,214,418
IMG_20180627_105528.jpg,2118,1000,Oreo Golden-568301011,784,412,946,700
IMG_20180627_105535.jpg,472,1000,Oreo Golden-568301011,98,305,202,453
IMG_20180627_105537.jpg,472,1000,Oreo Golden-568301011,205,298,291,439
IMG_20180627_105540.jpg,2118,1000,Oreo Golden-568301011,1001,326,1176,609
IMG_20180627_105540.jpg,2118,1000,Mini Wheats Straw-567084832,144,329,371,606
IMG_20180627_105714.jpg,472,1000,Oreo Golden-568301011,51,517,144,644
IMG_20180627_105717.jpg,2118,1000,Oreo Golden-568301011,511,446,830,811
IMG_20180627_105720.jpg,2118,1000,Oreo Golden-568301011,162,327,485,684
IMG_20180627_105723.jpg,2118,1000,Oreo Golden-568301011,553,364,906,832
IMG_20180627_105726.jpg,2118,1000,Oreo Golden-568301011,940,293,1431,940
IMG_20180627_105750.jpg,472,1000,Oreo Golden-568301011,107,576,194,703
IMG_20180627_110033.jpg,472,1000,Oreo Golden-568301011,119,100,299,378
IMG_20180627_110036.jpg,472,1000,Oreo Golden-568301011,117,62,347,464
IMG_20180627_110038.jpg,472,1000,Oreo Golden-568301011,130,171,364,494
IMG_20180627_110501.jpg,472,1000,Oreo Golden-568301011,237,118,344,279
IMG_20180627_110519.jpg,472,1000,Oreo Golden-568301011,23,425,140,603
IMG_20180627_110521.jpg,472,1000,Oreo Golden-568301011,34,417,164,607
IMG_20180627_110523.jpg,2118,1000,Oreo Golden-568301011,451,438,744,855
IMG_20180627_110524.jpg,2118,1000,Oreo Golden-568301011,622,403,831,717
IMG_20180627_110524_01.jpg,2118,1000,Oreo Golden-568301011,656,355,842,614
IMG_20180627_110525.jpg,2118,1000,Oreo Golden-568301011,629,342,801,599
IMG_20180627_110543.jpg,472,1000,Oreo Golden-568301011,27,103,148,288
IMG_20180627_110546.jpg,2118,1000,Oreo Golden-568301011,483,57,697,382
IMG_20180627_110547.jpg,2118,1000,Oreo Golden-568301011,326,39,563,397
IMG_20180627_110600.jpg,472,1000,Oreo Golden-568301011,52,154,150,317
IMG_20180627_110610.jpg,472,1000,Oreo Golden-568301011,253,331,355,490
IMG_20180627_110613.jpg,2118,1000,Oreo Golden-568301011,983,519,1235,920
IMG_20180627_110630.jpg,472,1000,Oreo Golden-568301011,219,348,323,521
IMG_20180627_110632.jpg,2118,1000,Oreo Golden-568301011,848,502,1065,829
IMG_20180627_110634.jpg,472,1000,Oreo Golden-568301011,142,360,223,503
IMG_20180627_110648.jpg,472,1000,Oreo Golden-568301011,173,460,278,616
IMG_20180627_110650.jpg,472,1000,Oreo Golden-568301011,102,512,204,644
IMG_20180627_110653.jpg,472,1000,Oreo Golden-568301011,6,506,93,658
IMG_20180627_110713.jpg,472,1000,Oreo Golden-568301011,201,291,314,465
IMG_20180627_110715.jpg,2118,1000,Oreo Golden-568301011,758,364,986,704
IMG_20180627_110718.jpg,2118,1000,Oreo Golden-568301011,821,315,1052,481
IMG_20180627_110720.jpg,2118,1000,Oreo Golden-568301011,911,290,1091,543
IMG_20180627_110748.jpg,1000,1000,Oreo Golden-568301011,487,256,621,459
IMG_20180627_110751.jpg,1000,1000,Oreo Golden-568301011,654,168,859,508
IMG_20180627_110753.jpg,1000,1000,Oreo Golden-568301011,247,171,487,523
IMG_20180627_110940.jpg,1000,1000,Oreo Golden-568301011,533,573,684,798
IMG_20180627_110940.jpg,1000,1000,Cocoa Pebbles-555517893,639,854,770,1000
IMG_20180627_110940.jpg,1000,1000,Cocoa Pebbles-555517893,774,846,919,995
IMG_20180627_110943.jpg,1000,1000,Oreo Golden-568301011,517,610,659,826
IMG_20180627_110943.jpg,1000,1000,Cocoa Pebbles-555517893,611,886,748,1000
IMG_20180627_110943.jpg,1000,1000,Cocoa Pebbles-555517893,752,889,905,1000
IMG_20180627_111016.jpg,1000,1000,Oreo Golden-568301011,241,605,365,778
IMG_20180627_111016.jpg,1000,1000,Cocoa Pebbles-555517893,595,817,696,960
IMG_20180627_111016.jpg,1000,1000,Cocoa Pebbles-555517893,708,804,815,957
IMG_20180627_111016.jpg,1000,1000,Honey Maid Graham -563424385,903,584,1000,758
IMG_20180627_111035.jpg,1000,1000,Oreo Golden-568301011,432,749,572,913
IMG_20180627_111035.jpg,1000,1000,Cocoa Pebbles-555517893,573,727,722,901
IMG_20180627_111035.jpg,1000,1000,Cocoa Pebbles-555517893,102,802,260,957
IMG_20180627_111035.jpg,1000,1000,Cocoa Pebbles-555517893,249,791,384,944
IMG_20180627_111035.jpg,1000,1000,Chips Ahoys-565717529,551,241,679,453
IMG_20180627_111035.jpg,1000,1000,Chips Ahoys-565717529,403,247,543,478
IMG_20180627_111035.jpg,1000,1000,Nutter Butter-565717511,774,241,884,430
IMG_20180627_111035.jpg,1000,1000,Nutter Butter-565717511,901,238,999,458
IMG_20180627_111035.jpg,1000,1000,Nilla -568301014,726,512,838,695
IMG_20180627_111035.jpg,1000,1000,Nilla -568301014,847,506,949,685
IMG_20180627_111035.jpg,1000,1000,Honey Maid Graham -563424385,469,546,585,713
IMG_20180627_111035.jpg,1000,1000,Honey Maid Graham -563424385,589,519,723,707
IMG_20180627_111035.jpg,1000,1000,Dippin Dots Banana-568929376,722,734,834,873
IMG_20180627_111035.jpg,1000,1000,Dippin Dots Banana-568929376,844,718,968,864
IMG_20180627_111037.jpg,1000,1000,Chips Ahoys-565717529,318,70,516,399
IMG_20180627_111037.jpg,1000,1000,Chips Ahoys-565717529,525,80,755,398
IMG_20180627_111037.jpg,1000,1000,Nutter Butter-565717511,812,78,1000,355
IMG_20180627_111037.jpg,1000,1000,Honey Maid Graham -563424385,419,488,578,678
IMG_20180627_111037.jpg,1000,1000,Honey Maid Graham -563424385,587,465,740,681
IMG_20180627_111037.jpg,1000,1000,Nilla -568301014,742,461,911,648
IMG_20180627_111037.jpg,1000,1000,Nilla -568301014,868,461,1000,651
IMG_20180627_111037.jpg,1000,1000,Oreo Golden-568301011,389,750,539,911
IMG_20180627_111037.jpg,1000,1000,Cocoa Pebbles-555517893,557,712,717,886
IMG_20180627_111037.jpg,1000,1000,Dippin Dots Banana-568929376,725,704,867,854
IMG_20180627_111037.jpg,1000,1000,Dippin Dots Banana-568929376,857,698,1000,836
IMG_20180627_111037.jpg,1000,1000,Cocoa Pebbles-555517893,115,783,320,932
IMG_20180627_111037.jpg,1000,1000,Cocoa Pebbles-555517893,1,779,135,934
IMG_20180627_111054.jpg,1000,1000,Oreo Golden-568301011,572,389,696,577
IMG_20180627_111054.jpg,1000,1000,Cocoa Pebbles-555517893,923,832,994,963
IMG_20180627_111056.jpg,1000,1000,Oreo Golden-568301011,591,372,732,565
IMG_20180627_111056.jpg,1000,1000,Cocoa Pebbles-555517893,670,847,783,985
IMG_20180627_111056.jpg,1000,1000,Cocoa Pebbles-555517893,791,843,902,990
IMG_20180627_111058.jpg,1000,1000,Oreo Golden-568301011,636,403,762,597
IMG_20180627_111058.jpg,1000,1000,Cocoa Pebbles-555517893,725,884,826,1000
IMG_20180627_111058.jpg,1000,1000,Cocoa Pebbles-555517893,841,903,972,1000
IMG_20180627_111156.jpg,1000,1000,Oreo Golden-568301011,436,568,570,758
IMG_20180627_111156.jpg,1000,1000,Cocoa Pebbles-555517893,474,829,598,976
IMG_20180627_111156.jpg,1000,1000,Cocoa Pebbles-555517893,351,813,487,984
IMG_20180627_111156.jpg,1000,1000,Cocoa Pebbles-555517893,800,784,914,942
IMG_20180627_111156.jpg,1000,1000,Cocoa Pebbles-555517893,652,781,774,902
IMG_20180627_111156.jpg,1000,1000,Honey Maid Graham -563424385,718,571,834,742
IMG_20180627_111156.jpg,1000,1000,Honey Maid Graham -563424385,822,550,951,739
IMG_20180627_111156.jpg,1000,1000,Chips Ahoys-565717529,819,292,925,512
IMG_20180627_111156.jpg,1000,1000,Chips Ahoys-565717529,667,287,795,525
IMG_20180627_111156.jpg,1000,1000,Oreo-563424384,743,1,901,210
IMG_20180627_111249.jpg,1000,1000,Chips Ahoys-565717529,63,298,248,547
IMG_20180627_111249.jpg,1000,1000,Oreo Golden-568301011,315,3,463,241
IMG_20180627_111249.jpg,1000,1000,Oreo Golden-568301011,480,11,640,249
IMG_20180627_111249.jpg,1000,1000,Oreo Golden-568301011,699,6,858,269
IMG_20180627_111249.jpg,1000,1000,Oreo Golden-568301011,506,328,646,547
IMG_20180627_111249.jpg,1000,1000,Nilla -568301014,311,604,448,787
IMG_20180627_111249.jpg,1000,1000,Nilla -568301014,440,621,566,779
IMG_20180627_111249.jpg,1000,1000,Dippin Dots Banana-568929376,333,830,477,994
IMG_20180627_111249.jpg,1000,1000,Dippin Dots Banana-568929376,478,834,620,981
IMG_20180627_111249.jpg,1000,1000,Dippin Dots Cookies & Cream -568929378,625,813,760,979
IMG_20180627_111249.jpg,1000,1000,Dippin Dots Cookies & Cream -568929378,774,828,909,979
IMG_20180627_111249.jpg,1000,1000,Cocoa Puffs Ice Cream-563408546,578,607,702,800
IMG_20180627_111249.jpg,1000,1000,Cocoa Puffs Ice Cream-563408546,842,614,975,799
IMG_20180627_111249.jpg,1000,1000,Cocoa Puffs Ice Cream-563408546,154,587,318,779
IMG_20180627_111249.jpg,1000,1000,Cocoa Puffs Ice Cream-563408546,26,606,167,775
IMG_20180627_111249.jpg,1000,1000,Oreo-563424384,127,1,317,232
IMG_20180627_111249.jpg,1000,1000,Mini Wheats Straw-567084832,884,35,1000,261
IMG_20180627_111249.jpg,1000,1000,Cocoa Pebbles-555517893,171,818,330,985
IMG_20180627_111307.jpg,1000,1000,Oreo Golden-568301011,444,129,571,333
IMG_20180627_111308.jpg,1000,1000,Oreo Golden-568301011,409,100,571,308
IMG_20180627_111336.jpg,1000,1000,Oreo Golden-568301011,336,117,473,314
IMG_20180627_111336.jpg,1000,1000,Oreo Golden-568301011,492,108,632,311
IMG_20180627_111336.jpg,1000,1000,Oreo Golden-568301011,211,124,326,309
IMG_20180627_111336.jpg,1000,1000,Oreo-563424384,48,100,211,319
IMG_20180627_111336.jpg,1000,1000,Chips Ahoys-565717529,13,378,151,560
IMG_20180627_111336.jpg,1000,1000,Nutter Butter-565717511,364,375,495,565
IMG_20180627_111336.jpg,1000,1000,Nilla -568301014,212,625,339,787
IMG_20180627_111336.jpg,1000,1000,Nilla -568301014,321,622,444,785
IMG_20180627_111336.jpg,1000,1000,Cocoa Pebbles-555517893,444,622,572,791
IMG_20180627_111336.jpg,1000,1000,Cocoa Pebbles-555517893,679,630,810,822
IMG_20180627_111336.jpg,1000,1000,Dippin Dots Banana-568929376,242,830,382,977
IMG_20180627_111336.jpg,1000,1000,Dippin Dots Banana-568929376,381,820,513,981
IMG_20180627_111336.jpg,1000,1000,Dippin Dots Cookies & Cream -568929378,518,838,647,997
IMG_20180627_111336.jpg,1000,1000,Dippin Dots Cookies & Cream -568929378,655,837,798,987
IMG_20180627_111336.jpg,1000,1000,Cocoa Pebbles-555517893,106,819,251,973
IMG_20180627_111336.jpg,1000,1000,Honey Maid Graham -563424385,1,608,104,766
IMG_20180627_111506.jpg,1000,1000,Cocoa Pebbles-555517893,347,619,455,776
IMG_20180627_111506.jpg,1000,1000,Honey Maid Graham -563424385,717,641,812,786
IMG_20180627_111506.jpg,1000,1000,Honey Maid Graham -563424385,811,640,898,776
IMG_20180627_111506.jpg,1000,1000,Honey Maid Graham -563424385,734,213,833,384
IMG_20180627_111506.jpg,1000,1000,Honey Maid Graham -563424385,836,203,944,381
IMG_20180627_111506.jpg,1000,1000,Kix Crispy Corn-550051312,741,1,868,150
IMG_20180627_111506.jpg,1000,1000,Kix Crispy Corn-550051312,883,3,1000,148
IMG_20180627_111506.jpg,1000,1000,Cocoa Pebbles-555517893,441,833,531,971
IMG_20180627_111506.jpg,1000,1000,Cocoa Pebbles-555517893,542,835,628,968
IMG_20180627_111506.jpg,1000,1000,Cocoa Pebbles-555517893,671,804,782,942
IMG_20180627_111506.jpg,1000,1000,Cocoa Pebbles-555517893,771,814,884,944
IMG_20180627_111508.jpg,1000,1000,Honey Maid Graham -563424385,718,575,820,738
IMG_20180627_111508.jpg,1000,1000,Chips Ahoys-565717529,832,307,933,518
IMG_20180627_111508.jpg,1000,1000,Oreo-563424384,790,1,898,230
IMG_20180627_111508.jpg,1000,1000,Cocoa Pebbles-555517893,262,579,409,755
IMG_20180627_111508.jpg,1000,1000,Cocoa Pebbles-555517893,382,812,503,955
IMG_20180627_111508.jpg,1000,1000,Cocoa Pebbles-555517893,501,815,612,960
IMG_20180627_111508.jpg,1000,1000,Cocoa Pebbles-555517893,630,772,768,910
IMG_20180627_111508.jpg,1000,1000,Cocoa Pebbles-555517893,789,760,908,899
IMG_20180627_111741.jpg,1000,1000,Oreo-563424384,611,152,746,346
IMG_20180627_111741.jpg,1000,1000,Oreo-563424384,752,163,876,352
IMG_20180627_111741.jpg,1000,1000,Chips Ahoys-565717529,579,406,687,573
IMG_20180627_111741.jpg,1000,1000,Cocoa Pebbles-555517893,338,827,435,960
IMG_20180627_111741.jpg,1000,1000,Cocoa Pebbles-555517893,446,827,548,957
IMG_20180627_111741.jpg,1000,1000,Cocoa Pebbles-555517893,603,803,700,933
IMG_20180627_111741.jpg,1000,1000,Cocoa Pebbles-555517893,718,808,837,960
IMG_20180627_111741.jpg,1000,1000,Honey Maid Graham -563424385,624,628,725,778
IMG_20180627_111741.jpg,1000,1000,Dippin Dots Banana-568929376,843,819,952,968
IMG_20180627_111811.jpg,1000,1000,Nilla -568301014,424,649,555,844
IMG_20180627_111811.jpg,1000,1000,Nilla -568301014,560,648,682,841
IMG_20180627_111811.jpg,1000,1000,Cocoa Puffs Ice Cream-563408546,685,644,800,834
IMG_20180627_111811.jpg,1000,1000,Honey Maid Graham -563424385,145,676,290,852
IMG_20180627_111811.jpg,1000,1000,Honey Maid Graham -563424385,287,663,426,842
IMG_20180627_111811.jpg,1000,1000,Dippin Dots Banana-568929376,447,898,589,1000
IMG_20180627_111811.jpg,1000,1000,Dippin Dots Banana-568929376,587,877,739,1000
IMG_20180627_111811.jpg,1000,1000,Dippin Dots Cookies & Cream -568929378,883,879,1000,994
IMG_20180627_111811.jpg,1000,1000,Cocoa Pebbles-555517893,283,891,438,998
IMG_20180627_111811.jpg,1000,1000,Cocoa Pebbles-555517893,158,884,296,1000
IMG_20180627_111811.jpg,1000,1000,Kix Berry -568919964,431,376,616,603
IMG_20180627_111811.jpg,1000,1000,Nutter Butter-565717511,610,388,750,597
IMG_20180627_111811.jpg,1000,1000,Chips Ahoys-565717529,192,384,352,605
IMG_20180627_111811.jpg,1000,1000,Chips Ahoys-565717529,46,381,209,598
IMG_20180627_111811.jpg,1000,1000,Oreo-563424384,260,71,421,319
IMG_20180627_111811.jpg,1000,1000,Oreo-563424384,79,65,247,305
IMG_20180627_111811.jpg,1000,1000,Oreo Golden-568301011,432,80,574,319
IMG_20180627_111811.jpg,1000,1000,Oreo Golden-568301011,589,81,728,314
IMG_20180627_111811.jpg,1000,1000,Oreo Golden-568301011,767,99,930,325
IMG_20180627_111832.jpg,1000,1000,Oreo-563424384,167,106,323,342
IMG_20180627_111832.jpg,1000,1000,Oreo-563424384,333,105,501,338
IMG_20180627_111832.jpg,1000,1000,Oreo Golden-568301011,496,118,651,333
IMG_20180627_111832.jpg,1000,1000,Oreo Golden-568301011,651,119,798,345
IMG_20180627_111832.jpg,1000,1000,Oreo Golden-568301011,812,138,962,335
IMG_20180627_111832.jpg,1000,1000,Kix Berry -568919964,510,415,665,606
IMG_20180627_111832.jpg,1000,1000,Nutter Butter-565717511,666,417,789,597
IMG_20180627_111832.jpg,1000,1000,Nilla -568301014,497,679,616,844
IMG_20180627_111832.jpg,1000,1000,Nilla -568301014,611,669,734,833
IMG_20180627_111832.jpg,1000,1000,Cocoa Puffs Ice Cream-563408546,735,653,844,813
IMG_20180627_111832.jpg,1000,1000,Honey Maid Graham -563424385,222,707,360,858
IMG_20180627_111832.jpg,1000,1000,Cocoa Pebbles-555517893,350,892,498,1000
IMG_20180627_111832.jpg,1000,1000,Cocoa Pebbles-555517893,212,900,351,1000
IMG_20180627_111832.jpg,1000,1000,Dippin Dots Banana-568929376,494,873,637,1000
IMG_20180627_111832.jpg,1000,1000,Dippin Dots Banana-568929376,638,873,779,998
IMG_20180627_111832.jpg,1000,1000,Kix Berry -568919964,902,869,1000,983
IMG_20180627_111832.jpg,1000,1000,Oreo Golden-568301011,282,426,411,615
IMG_20180627_111842.jpg,1000,1000,Kix Berry -568919964,430,252,582,435
IMG_20180627_111844.jpg,1000,1000,Kix Berry -568919964,484,162,651,373
IMG_20180627_111852.jpg,1000,1000,Kix Berry -568919964,504,461,657,633
IMG_20180627_111856.jpg,1000,1000,Kix Berry -568919964,167,402,355,600
IMG_20180627_111901.jpg,1000,1000,Kix Berry -568919964,471,394,649,578
IMG_20180627_111910.jpg,1000,1000,Kix Berry -568919964,375,116,543,333
IMG_20180627_111920.jpg,1000,1000,Kix Berry -568919964,456,199,602,372
IMG_20180627_111923.jpg,1000,1000,Kix Berry -568919964,475,354,650,583
IMG_20180627_111930.jpg,1000,1000,Kix Berry -568919964,428,630,574,788
IMG_20180627_111938.jpg,1000,1000,Kix Berry -568919964,411,178,577,398
IMG_20180627_111940.jpg,1000,1000,Kix Berry -568919964,121,200,288,410
IMG_20180627_112011.jpg,1000,1000,Kix Berry -568919964,324,95,507,303
IMG_20180627_112018.jpg,1000,1000,Kix Berry -568919964,338,429,476,587
IMG_20180627_112030.jpg,1000,1000,Kix Berry -568919964,425,171,595,397
IMG_20180627_112041.jpg,1000,1000,Kix Berry -568919964,401,641,529,793
IMG_20180627_112050.jpg,1000,1000,Kix Berry -568919964,390,814,535,980
IMG_20180627_112116.jpg,1000,1000,Kix Berry -568919964,317,191,460,384
IMG_20180627_112116.jpg,1000,1000,Kix Honey -009258981,109,200,251,384
IMG_20180627_112119.jpg,1000,1000,Kix Berry -568919964,132,188,306,397
IMG_20180627_112122.jpg,1000,1000,Kix Berry -568919964,117,438,301,649
IMG_20180627_112132.jpg,1000,1000,Kix Berry -568919964,341,60,487,259
IMG_20180627_112132.jpg,1000,1000,Kix Crispy Corn-550051312,726,741,874,911
IMG_20180627_112134.jpg,1000,1000,Kix Crispy Corn-550051312,563,719,689,875
IMG_20180627_112134.jpg,1000,1000,Kix Berry -568919964,134,44,288,223
IMG_20180627_112135.jpg,1000,1000,Kix Berry -568919964,283,87,414,256
IMG_20180627_112135.jpg,1000,1000,Kix Crispy Corn-550051312,654,726,782,877
IMG_20180627_112139.jpg,1000,1000,Kix Berry -568919964,402,75,538,273
IMG_20180627_112139.jpg,1000,1000,Kix Crispy Corn-550051312,733,727,838,885
IMG_20180627_112154.jpg,1000,1000,Kix Berry -568919964,496,549,633,733
IMG_20180627_112211.jpg,1000,1000,Kix Berry -568919964,284,737,471,961
IMG_20180627_112211_01.jpg,1000,1000,Kix Berry -568919964,282,739,479,965
IMG_20180627_112213.jpg,1000,1000,Kix Berry -568919964,252,637,458,875
IMG_20180627_112215_001.jpg,1000,1000,Kix Berry -568919964,265,641,449,897
IMG_20180627_112215_002.jpg,1000,1000,Kix Berry -568919964,249,658,453,890
IMG_20180627_112215_003.jpg,1000,1000,Kix Berry -568919964,260,668,461,897
IMG_20180627_112215_004.jpg,1000,1000,Kix Berry -568919964,249,641,460,884
IMG_20180627_112215_005.jpg,1000,1000,Kix Berry -568919964,255,660,449,880
IMG_20180627_112215_006.jpg,1000,1000,Kix Berry -568919964,271,654,446,883
IMG_20180627_112215_007.jpg,1000,1000,Kix Berry -568919964,253,647,452,900
IMG_20180627_112215_008.jpg,1000,1000,Kix Berry -568919964,261,654,449,895
IMG_20180627_112215_009.jpg,1000,1000,Kix Berry -568919964,256,669,444,881
IMG_20180627_112215_010.jpg,1000,1000,Kix Berry -568919964,260,661,457,893
IMG_20180627_112215_011.jpg,1000,1000,Kix Berry -568919964,261,654,468,899
IMG_20180627_112215_012.jpg,1000,1000,Kix Berry -568919964,260,663,459,908
IMG_20180627_112215_013.jpg,1000,1000,Kix Berry -568919964,270,644,451,888
IMG_20180627_112215_014.jpg,1000,1000,Kix Berry -568919964,242,668,455,890
IMG_20180627_112215_015.jpg,1000,1000,Kix Berry -568919964,239,641,455,902
IMG_20180627_112215_016.jpg,1000,1000,Kix Berry -568919964,253,690,449,895
IMG_20180627_112215_017.jpg,1000,1000,Kix Berry -568919964,248,654,445,913
IMG_20180627_112215_018.jpg,1000,1000,Kix Berry -568919964,253,687,452,900
IMG_20180627_112215_019.jpg,1000,1000,Kix Berry -568919964,249,656,454,907
IMG_20180627_112215_020.jpg,1000,1000,Kix Berry -568919964,244,666,439,893
IMG_20180627_112231_001.jpg,1000,1000,Kix Berry -568919964,269,824,448,1000
IMG_20180627_112231_002.jpg,1000,1000,Kix Berry -568919964,280,835,458,1000
IMG_20180627_112231_003.jpg,1000,1000,Kix Berry -568919964,276,819,457,1000
IMG_20180627_112231_004.jpg,1000,1000,Kix Berry -568919964,275,831,466,1000
IMG_20180627_112231_005.jpg,1000,1000,Kix Berry -568919964,269,824,451,988
IMG_20180627_112231_006.jpg,1000,1000,Kix Berry -568919964,276,838,459,1000
IMG_20180627_112231_007.jpg,1000,1000,Kix Berry -568919964,279,820,467,1000
IMG_20180627_112231_008.jpg,1000,1000,Kix Berry -568919964,279,825,465,996
IMG_20180627_112231_009.jpg,1000,1000,Kix Berry -568919964,282,831,471,1000
IMG_20180627_112231_010.jpg,1000,1000,Kix Berry -568919964,270,827,457,1000
IMG_20180627_112231_011.jpg,1000,1000,Kix Berry -568919964,287,830,463,998
IMG_20180627_112242.jpg,1000,1000,Kix Berry -568919964,381,55,557,263
IMG_20180627_112244.jpg,1000,1000,Kix Berry -568919964,289,17,476,241
IMG_20180627_112244_01.jpg,1000,1000,Kix Berry -568919964,233,39,428,276
IMG_20180627_112246.jpg,1000,1000,Kix Berry -568919964,68,37,222,260
IMG_20180627_112249.jpg,1000,1000,Kix Berry -568919964,436,146,779,549
IMG_20180627_112305.jpg,1000,1000,Kix Berry -568919964,315,462,453,646
IMG_20180627_112306.jpg,1000,1000,Kix Berry -568919964,73,411,259,592
IMG_20180627_112307.jpg,1000,1000,Kix Berry -568919964,90,473,266,652
IMG_20180627_112309.jpg,1000,1000,Kix Berry -568919964,87,581,319,837
IMG_20180627_112311.jpg,1000,1000,Kix Berry -568919964,173,454,405,730
IMG_20180627_112313.jpg,1000,1000,Kix Berry -568919964,722,473,950,773
IMG_20180627_112315.jpg,1000,1000,Kix Berry -568919964,755,335,952,630
IMG_20180627_112316.jpg,1000,1000,Kix Berry -568919964,641,363,852,618
IMG_20180627_112319.jpg,1000,1000,Kix Berry -568919964,651,103,895,433
IMG_20180627_112319_01.jpg,1000,1000,Kix Berry -568919964,646,117,880,445
IMG_20180627_112321.jpg,1000,1000,Kix Berry -568919964,698,550,917,800
IMG_20180627_112322.jpg,1000,1000,Kix Berry -568919964,482,514,706,795
IMG_20180627_112336.jpg,1000,1000,Kix Berry -568919964,358,523,528,740
IMG_20180627_112338.jpg,1000,1000,Kix Berry -568919964,653,461,841,698
IMG_20180627_112406.jpg,1000,1000,Kix Berry -568919964,401,438,562,635
IMG_20180627_112406.jpg,1000,1000,Nutter Butter-565717511,391,108,523,331
IMG_20180627_112415.jpg,1000,1000,Kix Berry -568919964,319,803,484,968
IMG_20180627_112415.jpg,1000,1000,Kix Crispy Corn-550051312,667,565,814,740
IMG_20180627_112418.jpg,1000,1000,Kix Crispy Corn-550051312,756,402,941,664
IMG_20180627_112418.jpg,1000,1000,Kix Berry -568919964,303,738,507,935
IMG_20180627_112425.jpg,1000,1000,Kix Berry -568919964,369,504,522,681
IMG_20180627_112425.jpg,1000,1000,Kix Crispy Corn-550051312,57,524,244,700
IMG_20180627_112429.jpg,1000,1000,Kix Berry -568919964,85,569,239,755
IMG_20180627_112431.jpg,1000,1000,Kix Berry -568919964,332,617,606,899
UNADJUSTEDNONRAW_thumb_56d.jpg,750,1000,Frosted Mini Original -9295869,315,262,443,453
UNADJUSTEDNONRAW_thumb_56e.jpg,750,1000,Frosted Mini Original -9295869,365,295,511,486
UNADJUSTEDNONRAW_thumb_56f.jpg,750,1000,Frosted Mini Original -9295869,315,270,434,470
UNADJUSTEDNONRAW_thumb_571.jpg,750,1000,Frosted Mini Original -9295869,177,258,320,471
UNADJUSTEDNONRAW_thumb_572.jpg,750,1000,Frosted Mini Original -9295869,187,484,329,698
UNADJUSTEDNONRAW_thumb_573.jpg,750,1000,Frosted Mini Original -9295869,192,220,353,440
UNADJUSTEDNONRAW_thumb_574.jpg,750,1000,Frosted Mini Original -9295869,367,331,512,529
UNADJUSTEDNONRAW_thumb_575.jpg,750,1000,Frosted Mini Original -9295869,248,236,384,443
UNADJUSTEDNONRAW_thumb_576.jpg,750,1000,Frosted Mini Original -9295869,338,241,467,419
UNADJUSTEDNONRAW_thumb_577.jpg,750,1000,Frosted Mini Original -9295869,147,263,260,453
UNADJUSTEDNONRAW_thumb_578.jpg,750,1000,Frosted Mini Original -9295869,273,257,421,465
UNADJUSTEDNONRAW_thumb_579.jpg,750,1000,Frosted Mini Original -9295869,145,220,282,429
UNADJUSTEDNONRAW_thumb_57a.jpg,750,1000,Frosted Mini Original -9295869,262,188,416,403
UNADJUSTEDNONRAW_thumb_57b.jpg,750,1000,Frosted Mini Original -9295869,344,630,486,825
UNADJUSTEDNONRAW_thumb_57c.jpg,750,1000,Frosted Mini Original -9295869,313,627,454,823
UNADJUSTEDNONRAW_thumb_57d.jpg,750,1000,Frosted Mini Original -9295869,308,267,452,490
UNADJUSTEDNONRAW_thumb_57e.jpg,750,1000,Frosted Mini Original -9295869,164,211,317,424
UNADJUSTEDNONRAW_thumb_57f.jpg,750,1000,Frosted Mini Original -9295869,281,196,444,407
UNADJUSTEDNONRAW_thumb_580.jpg,750,1000,Frosted Mini Original -9295869,235,226,383,437
UNADJUSTEDNONRAW_thumb_581.jpg,750,1000,Frosted Mini Original -9295869,136,225,270,435
UNADJUSTEDNONRAW_thumb_582.jpg,750,1000,Frosted Mini Original -9295869,265,223,409,427
UNADJUSTEDNONRAW_thumb_583.jpg,750,1000,Frosted Mini Original -9295869,368,324,507,512
UNADJUSTEDNONRAW_thumb_584.jpg,750,1000,Frosted Mini Original -9295869,242,240,411,459
UNADJUSTEDNONRAW_thumb_585.jpg,750,1000,Frosted Mini Original -9295869,281,239,411,450
UNADJUSTEDNONRAW_thumb_587.jpg,750,1000,Frosted Mini Original -9295869,246,184,387,409
UNADJUSTEDNONRAW_thumb_588.jpg,750,1000,Frosted Mini Original -9295869,149,244,289,427
UNADJUSTEDNONRAW_thumb_589.jpg,750,1000,Frosted Mini Original -9295869,257,555,415,772
UNADJUSTEDNONRAW_thumb_58b.jpg,750,1000,Frosted Mini Original -9295869,246,184,395,404
UNADJUSTEDNONRAW_thumb_58c.jpg,750,1000,Frosted Mini Original -9295869,358,251,497,469
UNADJUSTEDNONRAW_thumb_58d.jpg,750,1000,Frosted Mini Original -9295869,284,179,446,403
UNADJUSTEDNONRAW_thumb_58e.jpg,750,1000,Frosted Mini Original -9295869,285,241,437,466
UNADJUSTEDNONRAW_thumb_58f.jpg,750,1000,Frosted Mini Original -9295869,265,214,410,429
UNADJUSTEDNONRAW_thumb_590.jpg,750,1000,Frosted Mini Original -9295869,346,267,509,462
UNADJUSTEDNONRAW_thumb_591.jpg,750,1000,Frosted Mini Original -9295869,133,229,265,443
UNADJUSTEDNONRAW_thumb_592.jpg,750,1000,Frosted Mini Original -9295869,195,190,350,405
UNADJUSTEDNONRAW_thumb_593.jpg,750,1000,Frosted Mini Original -9295869,332,274,477,470
UNADJUSTEDNONRAW_thumb_594.jpg,750,1000,Frosted Mini Original -9295869,284,607,434,802
UNADJUSTEDNONRAW_thumb_596.jpg,750,1000,Frosted Mini Original -9295869,154,253,276,442
UNADJUSTEDNONRAW_thumb_598.jpg,750,1000,Frosted Mini Original -9295869,167,241,284,467
UNADJUSTEDNONRAW_thumb_599.jpg,750,1000,Frosted Mini Original -9295869,268,244,421,460
UNADJUSTEDNONRAW_thumb_59a.jpg,750,1000,Frosted Mini Original -9295869,272,223,423,434
UNADJUSTEDNONRAW_thumb_59b.jpg,750,1000,Frosted Mini Original -9295869,225,533,375,752
UNADJUSTEDNONRAW_thumb_59c.jpg,750,1000,Frosted Mini Original -9295869,299,281,438,462
UNADJUSTEDNONRAW_thumb_59e.jpg,750,1000,Frosted Mini Original -9295869,151,227,295,435
UNADJUSTEDNONRAW_thumb_59f.jpg,750,1000,Frosted Mini Original -9295869,222,172,377,399
UNADJUSTEDNONRAW_thumb_5a6.jpg,750,1000,Frosted Mini Original -9295869,473,548,610,744
UNADJUSTEDNONRAW_thumb_5a7.jpg,750,1000,Frosted Mini Original -9295869,457,564,586,742
UNADJUSTEDNONRAW_thumb_5a8.jpg,750,1000,Oreo-563424384,137,139,280,352
UNADJUSTEDNONRAW_thumb_5a8.jpg,750,1000,Oreo-563424384,1,146,136,348
UNADJUSTEDNONRAW_thumb_5a8.jpg,750,1000,Oreo Golden-568301011,270,129,407,339
UNADJUSTEDNONRAW_thumb_5a8.jpg,750,1000,Oreo Golden-568301011,410,140,536,343
UNADJUSTEDNONRAW_thumb_5a8.jpg,750,1000,Oreo Golden-568301011,566,143,704,336
UNADJUSTEDNONRAW_thumb_5a8.jpg,750,1000,Chips Ahoys-565717529,84,399,213,601
UNADJUSTEDNONRAW_thumb_5a8.jpg,750,1000,Chips Ahoys-565717529,1,415,87,586
UNADJUSTEDNONRAW_thumb_5a8.jpg,750,1000,Nutter Butter-565717511,318,405,438,588
UNADJUSTEDNONRAW_thumb_5a8.jpg,750,1000,Nutter Butter-565717511,435,406,565,590
UNADJUSTEDNONRAW_thumb_5a8.jpg,750,1000,Nilla -568301014,281,643,399,843
UNADJUSTEDNONRAW_thumb_5a8.jpg,750,1000,Nilla -568301014,395,645,529,837
UNADJUSTEDNONRAW_thumb_5a8.jpg,750,1000,Cocoa Puffs Ice Cream-563408546,520,645,642,837
UNADJUSTEDNONRAW_thumb_5a8.jpg,750,1000,Cocoa Puffs Ice Cream-563408546,644,643,750,837
UNADJUSTEDNONRAW_thumb_5a8.jpg,750,1000,Frosted Mini Original -9295869,565,422,692,594
UNADJUSTEDNONRAW_thumb_5a8.jpg,750,1000,Frosted Mini Original -9295869,688,420,749,599
UNADJUSTEDNONRAW_thumb_5a8.jpg,750,1000,Cocoa Pebbles-555517893,134,874,275,1000
UNADJUSTEDNONRAW_thumb_5a8.jpg,750,1000,Cocoa Pebbles-555517893,33,866,154,999
UNADJUSTEDNONRAW_thumb_5a8.jpg,750,1000,Dippin Dots Banana-568929376,275,895,419,1000
UNADJUSTEDNONRAW_thumb_5a8.jpg,750,1000,Dippin Dots Banana-568929376,425,890,570,1000
UNADJUSTEDNONRAW_thumb_5a8.jpg,750,1000,Honey Maid Graham -563424385,35,660,150,842
UNADJUSTEDNONRAW_thumb_5a8.jpg,750,1000,Honey Maid Graham -563424385,138,643,277,838
UNADJUSTEDNONRAW_thumb_5a8.jpg,750,1000,Dippin Dots Cookies & Cream -568929378,575,884,706,1000
UNADJUSTEDNONRAW_thumb_5ab.jpg,750,1000,Frosted Mini Original -9295869,460,535,604,726
UNADJUSTEDNONRAW_thumb_5ad.jpg,750,1000,Frosted Mini Original -9295869,438,561,587,772
UNADJUSTEDNONRAW_thumb_5ae.jpg,750,1000,Frosted Mini Original -9295869,476,537,616,725
UNADJUSTEDNONRAW_thumb_5b2.jpg,750,1000,Frosted Mini Original -9295869,287,597,429,800
UNADJUSTEDNONRAW_thumb_5b4.jpg,750,1000,Frosted Mini Original -9295869,473,572,611,755
UNADJUSTEDNONRAW_thumb_5bb.jpg,750,1000,Frosted Mini Original -9295869,444,543,597,746
UNADJUSTEDNONRAW_thumb_5be.jpg,750,1000,Frosted Mini Original -9295869,396,608,544,809
